<manifest version="2.0" type="device">
    <hal format="hidl">
        <name>android.hardware.keymaster</name>
        <transport>hwbinder</transport>
        <fqname>@4.0::IKeymasterDevice/default</fqname>
    </hal>
    <hal format="hidl">
        <name>android.hardware.radio.config</name>
        <transport>hwbinder</transport>
        <fqname>@1.1::IRadioConfig/default</fqname>
    </hal>
    <hal format="hidl">
        <name>vendor.lineage.livedisplay</name>
        <transport>hwbinder</transport>
        <fqname>@2.0::ISunlightEnhancement/default</fqname>
    </hal>
</manifest>
